{"cameraMode":{"drawMode":0,"name":"Shaded","section":"Shading Mode"},"sceneLighting":false,"audioPlay":false,"sceneViewState":{"m_AlwaysRefresh":false,"showFog":true,"showSkybox":false,"showFlares":true,"showImageEffects":true,"showParticleSystems":true,"showVisualEffectGraphs":true,"m_FxEnabled":true},"in2DMode":false,"pivot":{"x":2.685459613800049,"y":2.7459537982940676,"z":-0.1625939905643463},"rotation":{"x":0.04181072115898132,"y":0.6978055834770203,"z":-0.040868550539016727,"w":0.7138973474502564},"size":1.826983094215393,"orthographic":true}